Name,Population,Cases in past week,Reported prevalence,Underreporting factor,Delay factor,Estimated prevalence
Entire state,1377517,147,0.000107,2.2574,1.0,0.000243
Interlake-Eastern,133882,56,0.000426,2.2574,1.0,0.000961
Northern,75783,22,0.000303,2.2574,1.2941,0.000887
Prairie Mountain,171368,10,6.4e-05,2.2574,1.0,0.000145
Southern Health,208018,20,0.000101,2.2574,1.0,0.000228
Winnipeg,780414,39,5.1e-05,2.2574,1.0,0.000116
