Name,Population,Cases in past week,Reported prevalence,Underreporting factor,Delay factor,Estimated prevalence
Entire state,1181666,384,0.000326,2.6093,1.536,0.001306
Central,98566,16,0.000172,2.6093,2.0,0.0009
Far North,37811,169,0.004496,2.6093,1.4322,0.016802
North,196246,51,0.000265,2.6093,1.1333,0.000784
Regina,304261,33,0.000112,2.6093,1.0,0.000292
Saskatoon,380403,65,0.000174,2.6093,2.0,0.000905
South,157175,39,0.000254,2.6093,2.0,0.001328
