Name,Population,Cases in past week,Reported prevalence,Underreporting factor,Delay factor,Estimated prevalence
Entire country,220892331,31249,0.000141,2.504,1.8691,0.000662
Azad Jammu and Kashmir,4045366,1798,0.000445,2.504,1.8403,0.002049
Balochistan,12344408,931,7.5e-05,2.504,2.0,0.000378
Gilgit-Baltistan,1013584,465,0.00046,2.504,1.3964,0.001608
Islamabad,2006572,2313,0.001153,2.504,2.0,0.005775
Khyber Pakhtunkhwa,30523371,2923,9.6e-05,2.504,2.0,0.00048
Punjab,110012442,4497,4.1e-05,2.504,1.7164,0.000176
Sindh,47886051,18322,0.000383,2.504,1.8028,0.001727
