Name,Population,Cases in past week,Reported prevalence,Underreporting factor,Delay factor,Estimated prevalence
Entire state,973764,766,0.000788,2.3656,1.8683,0.003481
Kent,180786,151,0.000841,2.4005,2.0,0.004037
New Castle,558753,420,0.000753,2.3371,1.9626,0.003456
Sussex,234225,195,0.000837,2.4209,1.4338,0.002905
