Name,Population,Cases in past week,Reported prevalence,Underreporting factor,Delay factor,Estimated prevalence
Entire state,1415872,2090,0.001477,2.4441,1.629,0.00588
Hawaii,201513,444,0.002208,2.504,1.8272,0.010103
Honolulu,974563,1349,0.001385,2.4625,1.5435,0.005265
Kauai,72293,40,0.000567,2.2948,1.0,0.001301
Maui,167417,257,0.001541,2.4005,2.0,0.007399
