Name,Population,Cases in past week,Reported prevalence,Underreporting factor,Delay factor,Estimated prevalence
Entire state,1059361,892,0.000843,2.3113,1.8739,0.003651
Bristol,48479,31,0.00066,2.2649,2.0,0.00299
Kent,164292,96,0.00059,2.3004,1.8462,0.002507
Newport,82082,38,0.000475,2.3656,1.027,0.001154
Providence,638931,347,0.000545,2.3059,2.0,0.002512
Washington,125577,70,0.000565,2.3059,2.0,0.002607
